PlayerId,second_name,team,position,now_cost,total_points,value,minutes,transfers_in,selected_by,goals_scored,assists,goals_conceded,saves
0,Özil,Arsenal,MID,68,0,0.0,0,3311,0.6,0,0,0,0
1,Papastathopoulos,Arsenal,DEF,49,0,0.0,0,10211,0.1,0,0,0,0
2,Luiz Moreira Marinho,Arsenal,DEF,55,7,1.3,319,33016,0.9,0,0,5,0
3,Aubameyang,Arsenal,MID,117,30,2.6,716,412657,13.0,2,1,10,0
4,Soares,Arsenal,DEF,47,0,0.0,0,2902,0.2,0,0,0,0
5,Lacazette,Arsenal,FWD,84,27,3.2,485,263152,3.3,3,0,5,0
6,Mustafi,Arsenal,DEF,50,2,0.4,44,10737,0.0,0,0,1,0
7,Leno,Arsenal,GKP,50,28,5.6,720,373540,9.1,0,0,10,21
8,Xhaka,Arsenal,MID,53,10,1.9,407,21295,0.5,0,0,6,0
9,Marí,Arsenal,DEF,44,0,0.0,0,287,0.0,0,0,0,0
10,Bellerín,Arsenal,DEF,51,34,6.7,720,479063,8.2,0,3,10,0
11,Chambers,Arsenal,DEF,45,0,0.0,0,356,0.0,0,0,0,0
12,Kolasinac,Arsenal,DEF,48,2,0.4,90,4679,0.2,0,0,1,0
13,Maitland-Niles,Arsenal,DEF,48,9,1.9,187,46305,1.1,0,0,3,0
14,Holding,Arsenal,DEF,44,15,3.4,450,171199,1.3,0,0,7,0
15,Tierney,Arsenal,DEF,54,20,3.7,620,114470,5.3,0,0,9,0
16,Pépé,Arsenal,MID,76,13,1.7,227,21133,0.8,1,0,6,0
17,Torreira,Arsenal,MID,47,0,0.0,0,3268,0.1,0,0,0,0
18,Willock,Arsenal,MID,48,0,0.0,0,2444,0.1,0,0,0,0
19,Nelson,Arsenal,MID,52,0,0.0,0,1015,0.0,0,0,0,0
20,Nketiah,Arsenal,FWD,56,15,2.7,145,31912,0.6,1,0,3,0
21,Smith Rowe,Arsenal,MID,44,0,0.0,0,12978,0.2,0,0,0,0
22,Saka,Arsenal,MID,53,18,3.4,508,102491,2.9,1,0,6,0
23,Guendouzi,Arsenal,MID,47,0,0.0,0,2596,0.1,0,0,0,0
24,Martinelli Silva,Arsenal,MID,49,0,0.0,0,747,0.0,0,0,0,0
25,Saliba,Arsenal,DEF,41,0,0.0,0,22781,0.8,0,0,0,0
26,Borges Da Silva,Arsenal,MID,77,27,3.5,511,742813,4.9,0,3,6,0
27,Magalhães,Arsenal,DEF,51,31,6.1,630,873989,11.5,1,0,7,0
28,Ceballos Fernández,Arsenal,MID,49,17,3.5,437,117658,1.3,0,1,6,0
29,El Sayed Elneny,Arsenal,MID,44,12,2.7,450,195055,1.7,0,0,7,0
30,Macey,Arsenal,GKP,40,0,0.0,0,100390,1.4,0,0,0,0
31,Rúnarsson,Arsenal,GKP,45,0,0.0,0,1203,0.0,0,0,0,0
32,Partey,Arsenal,MID,50,6,1.2,232,102578,1.1,0,0,2,0
33,Martínez,Aston Villa,GKP,48,40,8.3,630,1741864,26.9,0,0,9,22
34,Heaton,Aston Villa,GKP,45,0,0.0,0,996,0.0,0,0,0,0
35,El Mohamady,Aston Villa,DEF,44,2,0.5,33,7592,0.3,0,0,0,0
36,Lansbury,Aston Villa,MID,44,0,0.0,0,4391,0.1,0,0,0,0
37,Taylor,Aston Villa,DEF,43,0,0.0,0,8906,0.2,0,0,0,0
38,Steer,Aston Villa,GKP,40,0,0.0,0,178549,5.5,0,0,0,0
39,Hourihane,Aston Villa,MID,60,17,2.8,137,22402,0.2,1,1,0,0
40,Peleteiro Romallo,Aston Villa,MID,59,0,0.0,0,1407,0.0,0,0,0,0
41,Nyland,Aston Villa,GKP,40,0,0.0,0,143781,8.7,0,0,0,0
42,Engels,Aston Villa,DEF,44,0,0.0,0,10419,0.1,0,0,0,0
43,Grealish,Aston Villa,MID,75,60,8.0,630,2279022,34.6,4,6,9,0
44,McGinn,Aston Villa,MID,55,34,6.2,630,233732,2.4,1,4,9,0
45,Hause,Aston Villa,DEF,44,0,0.0,0,674,0.0,0,0,0,0
46,Ibrahim Hassan,Aston Villa,MID,53,21,4.0,552,41658,0.9,0,1,6,0
47,Mings,Aston Villa,DEF,53,42,7.9,630,835554,11.6,2,1,9,0
48,Targett,Aston Villa,DEF,45,29,6.4,630,147876,2.1,0,1,9,0
49,Bree,Aston Villa,DEF,45,0,0.0,0,9794,0.0,0,0,0,0
50,Nakamba,Aston Villa,MID,44,1,0.2,13,11157,0.4,0,0,0,0
51,El Ghazi,Aston Villa,MID,58,1,0.2,2,2921,0.1,0,0,0,0
52,Konsa Ngoyo,Aston Villa,DEF,47,35,7.4,630,694098,7.6,1,0,9,0
53,Guilbert,Aston Villa,DEF,44,0,0.0,0,1222,0.1,0,0,0,0
54,Moraes,Aston Villa,FWD,60,0,0.0,0,561,0.0,0,0,0,0
55,Samatta,Aston Villa,FWD,59,0,0.0,0,1544,0.0,0,0,0,0
56,Davis,Aston Villa,FWD,43,1,0.2,28,452967,8.3,0,0,0,0
57,Vassilev,Aston Villa,FWD,44,0,0.0,0,43386,0.7,0,0,0,0
58,Soares de Paulo,Aston Villa,MID,49,19,3.9,615,13885,0.3,0,1,9,0
59,Barkley,Aston Villa,MID,60,31,5.2,490,412762,4.1,2,1,9,0
60,Cash,Aston Villa,DEF,50,24,4.8,595,45860,0.7,0,0,9,0
61,Watkins,Aston Villa,FWD,61,47,7.7,630,652655,6.7,6,1,9,0
62,Traoré,Aston Villa,MID,59,5,0.8,70,5788,0.0,0,0,3,0
63,Ramsey,Aston Villa,MID,45,1,0.2,13,5626,0.1,0,0,0,0
64,Murray,Brighton,FWD,48,0,0.0,0,4327,0.1,0,0,0,0
65,Lallana,Brighton,MID,62,15,2.4,470,10561,0.4,0,0,7,0
66,Groß,Brighton,MID,58,14,2.4,252,2456,0.1,0,1,4,0
67,Duffy,Brighton,DEF,44,0,0.0,0,482,0.0,0,0,0,0
68,Pröpper,Brighton,MID,48,0,0.0,0,782,0.0,0,0,0,0
69,Mooy,Brighton,MID,50,0,0.0,0,9844,0.0,0,0,0,0
70,Burn,Brighton,DEF,44,11,2.5,383,6877,0.4,0,0,4,0
71,Dunk,Brighton,DEF,48,5,1.0,450,60273,2.8,0,0,11,0
72,Montoya,Brighton,DEF,45,0,0.0,0,152,0.0,0,0,0,0
73,Andone,Brighton,FWD,48,0,0.0,0,11241,0.1,0,0,0,0
74,March,Brighton,MID,50,26,5.2,570,132253,0.9,1,1,12,0
75,Webster,Brighton,DEF,44,18,4.1,720,45002,1.9,0,0,14,0
76,Veltman,Brighton,DEF,43,12,2.8,307,14509,0.3,0,0,5,0
77,Maupay,Brighton,FWD,65,38,5.8,630,599047,4.4,4,1,12,0
78,Trossard,Brighton,MID,60,27,4.5,588,244708,1.6,1,2,13,0
79,Ryan,Brighton,GKP,45,17,3.8,630,351649,13.9,0,0,12,8
80,Jahanbakhsh,Brighton,MID,54,6,1.1,35,1151,0.0,0,1,1,0
81,Izquierdo,Brighton,MID,55,0,0.0,0,9817,0.0,0,0,0,0
82,Clarke,Brighton,DEF,44,0,0.0,0,212,0.0,0,0,0,0
83,White,Brighton,DEF,45,18,4.0,708,47995,1.3,0,0,14,0
84,Fernandes da Silva Junior,Brighton,DEF,39,1,0.3,25,191394,8.6,0,0,1,0
85,Bissouma,Brighton,MID,45,18,4.0,628,214902,3.6,1,0,11,0
86,Lamptey,Brighton,DEF,47,29,6.2,630,1005599,12.4,1,3,12,0
87,Connolly,Brighton,FWD,54,18,3.3,288,62285,0.5,1,1,7,0
88,Alzate,Brighton,MID,45,9,2.0,350,112835,0.9,0,0,11,0
89,Mac Allister,Brighton,MID,53,11,2.1,43,2290,0.1,1,0,1,0
90,Walton,Brighton,GKP,40,0,0.0,0,17964,1.2,0,0,0,0
91,Steele,Brighton,GKP,40,0,0.0,0,61577,0.8,0,0,0,0
92,Molumby,Brighton,MID,45,0,0.0,0,1168,0.0,0,0,0,0
93,Zeqiri,Brighton,FWD,50,0,0.0,0,1937,0.0,0,0,0,0
94,Welbeck,Brighton,FWD,55,3,0.5,101,3597,0.0,0,0,0,0
95,Sánchez,Brighton,GKP,45,1,0.2,90,1280,0.0,0,0,2,2
96,Stephens,Burnley,MID,44,5,1.1,202,217274,6.7,0,0,4,0
97,Tarkowski,Burnley,DEF,54,15,2.8,450,30043,2.5,0,0,7,0
98,Bardsley,Burnley,DEF,45,1,0.2,270,10453,0.3,0,0,8,0
99,Pieters,Burnley,DEF,43,4,0.9,140,18258,0.4,0,0,3,0
100,Cork,Burnley,MID,50,0,0.0,0,9918,0.0,0,0,0,0
101,Long,Burnley,DEF,45,11,2.4,540,9009,0.2,0,0,12,0
102,Rodriguez,Burnley,FWD,58,5,0.9,153,8473,0.3,0,0,5,0
103,Barnes,Burnley,FWD,60,9,1.5,381,6850,0.1,0,0,7,0
104,Mee,Burnley,DEF,49,8,1.6,90,2012,0.2,0,0,0,0
105,Westwood,Burnley,MID,54,21,3.9,630,10272,0.5,1,0,12,0
106,Gudmundsson,Burnley,MID,54,6,1.1,173,10087,0.0,0,0,2,0
107,Wood,Burnley,FWD,62,18,2.9,623,82657,1.0,1,0,12,0
108,Lowton,Burnley,DEF,44,9,2.0,270,2341,0.1,0,0,4,0
109,Vydra,Burnley,FWD,49,6,1.2,130,63503,0.7,0,0,2,0
110,Gibson,Burnley,DEF,40,0,0.0,0,3319,0.2,0,0,0,0
111,Brady,Burnley,MID,50,6,1.2,167,1183,0.0,0,0,1,0
112,Pope,Burnley,GKP,54,29,5.4,630,146832,10.8,0,0,12,22
113,Taylor,Burnley,DEF,45,22,4.9,630,138128,3.2,0,1,12,0
114,Brownhill,Burnley,MID,50,15,3.0,630,2336,0.0,0,0,12,0
115,Peacock-Farrell,Burnley,GKP,40,0,0.0,0,37173,1.4,0,0,0,0
116,McNeil,Burnley,MID,58,18,3.1,630,15413,0.5,0,1,12,0
117,Dunne,Burnley,DEF,40,8,2.0,180,722018,6.9,1,0,5,0
118,Thomas,Burnley,DEF,40,0,0.0,0,23665,0.6,0,0,0,0
119,Benson,Burnley,MID,45,0,0.0,0,1471,0.0,0,0,0,0
120,Driscoll-Glennon,Burnley,DEF,40,0,0.0,0,3095,0.1,0,0,0,0
121,Goodridge,Burnley,MID,45,0,0.0,0,482,0.0,0,0,0,0
122,Norris,Burnley,GKP,40,0,0.0,0,5141,0.1,0,0,0,0
123,Thompson,Burnley,FWD,45,0,0.0,0,1076,0.0,0,0,0,0
124,Richardson,Burnley,FWD,45,0,0.0,0,1296,0.0,0,0,0,0
125,Caballero,Chelsea,GKP,48,1,0.2,90,4627,0.2,0,0,3,0
126,Azpilicueta,Chelsea,DEF,58,17,2.9,320,70501,3.6,0,1,3,0
127,Giroud,Chelsea,FWD,67,3,0.4,33,12042,0.6,0,0,0,0
128,Alonso,Chelsea,DEF,57,2,0.4,225,35978,1.7,0,0,6,0
129,Frello Filho,Chelsea,MID,52,37,7.1,455,1175900,11.3,3,2,6,0
130,Kovacic,Chelsea,MID,53,9,1.7,200,20153,0.2,0,1,6,0
131,Rüdiger,Chelsea,DEF,46,0,0.0,0,19533,0.7,0,0,0,0
132,Zouma,Chelsea,DEF,53,48,9.1,630,1183463,16.1,3,0,7,0
133,Palmieri dos Santos,Chelsea,DEF,48,0,0.0,0,2596,0.1,0,0,0,0
134,Arrizabalaga,Chelsea,GKP,48,6,1.2,270,43147,0.7,0,0,6,8
135,Kanté,Chelsea,MID,49,21,4.3,712,124333,3.3,0,1,10,0
136,Ziyech,Chelsea,MID,81,27,3.3,189,898244,12.6,1,3,2,0
137,Christensen,Chelsea,DEF,48,0,0.0,315,8087,0.2,0,0,9,0
138,Werner,Chelsea,FWD,94,43,4.6,695,1023314,24.0,4,2,9,0
139,Abraham,Chelsea,FWD,72,27,3.8,377,75623,2.2,2,2,5,0
140,Pulisic,Chelsea,MID,82,6,0.7,173,259788,2.2,0,0,2,0
141,Mount,Chelsea,MID,68,27,4.0,539,291752,4.6,1,2,9,0
142,Tomori,Chelsea,DEF,48,0,0.0,45,6128,0.2,0,0,2,0
143,Hudson-Odoi,Chelsea,MID,57,11,1.9,154,21784,0.3,1,0,0,0
144,James,Chelsea,DEF,50,33,6.6,543,1119314,12.2,1,1,8,0
145,Gilmour,Chelsea,MID,44,0,0.0,0,2634,0.1,0,0,0,0
146,Chilwell,Chelsea,DEF,60,41,6.8,450,2077322,28.0,2,2,4,0
147,Thiago,Chelsea,DEF,55,28,5.1,432,169763,3.4,1,0,4,0
148,Havertz,Chelsea,MID,83,26,3.1,550,513601,4.5,1,2,7,0
149,Mendy,Chelsea,GKP,51,21,4.1,360,505656,6.3,0,0,1,6
150,Ziger,Chelsea,GKP,40,0,0.0,0,6265,0.1,0,0,0,0
151,Batshuayi,Crystal Palace,FWD,58,14,2.4,279,45465,0.8,0,2,3,0
152,Cahill,Crystal Palace,DEF,45,2,0.4,90,4767,0.1,0,0,1,0
153,Hennessey,Crystal Palace,GKP,44,0,0.0,0,6030,0.5,0,0,0,0
154,Sakho,Crystal Palace,DEF,45,4,0.9,275,22922,0.3,0,0,8,0
155,Guaita,Crystal Palace,GKP,50,21,4.2,720,300325,4.0,0,0,12,22
156,Tomkins,Crystal Palace,DEF,45,0,0.0,0,1124,0.0,0,0,0,0
157,McArthur,Crystal Palace,MID,53,11,2.1,518,3618,0.1,0,0,7,0
158,McCarthy,Crystal Palace,MID,45,9,2.0,329,105784,1.4,0,0,5,0
159,Benteke,Crystal Palace,FWD,55,4,0.7,21,18007,0.2,0,0,1,0
160,Kouyaté,Crystal Palace,MID,50,24,4.8,720,63930,0.6,1,0,12,0
161,Ward,Crystal Palace,DEF,44,9,2.0,450,56509,1.0,0,0,8,0
162,Kelly,Crystal Palace,DEF,42,0,0.0,0,6627,0.5,0,0,0,0
163,Wickham,Crystal Palace,FWD,45,0,0.0,0,29369,0.6,0,0,0,0
164,Townsend,Crystal Palace,MID,59,32,5.4,681,350334,2.4,1,2,12,0
165,Milivojevic,Crystal Palace,MID,57,5,0.9,223,6019,0.3,0,0,6,0
166,van Aanholt,Crystal Palace,DEF,54,6,1.1,198,42097,0.5,0,1,4,0
167,Ayew,Crystal Palace,FWD,57,20,3.5,443,84939,1.8,1,1,8,0
168,Zaha,Crystal Palace,MID,74,54,7.3,720,2318226,29.3,5,2,12,0
169,Schlupp,Crystal Palace,MID,55,18,3.3,399,9106,0.1,0,1,2,0
170,Meyer,Crystal Palace,MID,48,0,0.0,0,1280,0.0,0,0,0,0
171,Riedewald,Crystal Palace,MID,44,17,3.9,360,136154,1.6,1,0,6,0
172,Ferguson,Crystal Palace,DEF,40,0,0.0,0,25300,0.8,0,0,0,0
173,Mitchell,Crystal Palace,DEF,41,15,3.7,540,1273165,21.1,0,1,9,0
174,Pierrick,Crystal Palace,MID,44,0,0.0,0,6040,0.1,0,0,0,0
175,Dann,Crystal Palace,DEF,44,18,4.1,360,58705,0.8,1,0,4,0
176,Eze,Crystal Palace,MID,58,21,3.6,317,31296,0.5,1,1,9,0
177,Woods,Crystal Palace,DEF,40,0,0.0,0,51975,0.7,0,0,0,0
178,Inniss,Crystal Palace,DEF,40,0,0.0,0,4574,0.1,0,0,0,0
179,Clyne,Crystal Palace,DEF,45,9,2.0,251,17435,0.2,0,0,3,0
180,Henderson,Crystal Palace,GKP,40,0,0.0,0,19539,0.3,0,0,0,0
181,Butland,Crystal Palace,GKP,45,0,0.0,0,1893,0.0,0,0,0,0
182,Delph,Everton,MID,49,4,0.8,154,1803,0.0,0,0,3,0
183,Sigurdsson,Everton,MID,68,14,2.1,382,12728,0.9,0,1,8,0
184,Lössl,Everton,GKP,44,0,0.0,0,1971,0.1,0,0,0,0
185,Coleman,Everton,DEF,49,16,3.3,447,182000,1.0,0,1,8,0
186,Tosun,Everton,FWD,60,1,0.2,31,726,0.0,0,0,2,0
187,Anício Caldeira Duarte,Everton,MID,58,9,1.6,165,5261,0.1,1,0,4,0
188,Digne,Everton,DEF,61,26,4.3,611,1094966,12.1,0,3,12,0
189,Keane,Everton,DEF,51,27,5.3,720,432672,5.9,2,0,14,0
190,Pickford,Everton,GKP,49,18,3.7,630,414099,7.1,0,0,12,20
191,Tavares Gomes,Everton,MID,54,9,1.7,362,19476,0.3,0,0,6,0
192,Iwobi,Everton,MID,59,14,2.4,182,6503,0.2,0,2,6,0
193,Kenny,Everton,DEF,43,2,0.5,75,4253,0.1,0,0,1,0
194,Gbamin,Everton,MID,50,0,0.0,0,167,0.0,0,0,0,0
195,Mina,Everton,DEF,55,19,3.5,630,129148,2.1,1,0,11,0
196,Davies,Everton,MID,53,4,0.8,92,2757,0.1,0,0,2,0
197,Calvert-Lewin,Everton,FWD,78,57,7.3,698,3877148,57.1,8,1,14,0
198,Holgate,Everton,DEF,48,0,0.0,90,918,0.0,0,0,3,0
199,de Andrade,Everton,FWD,78,22,2.8,382,395044,3.8,1,3,5,0
200,Virgínia,Everton,GKP,44,0,0.0,0,770,0.1,0,0,0,0
201,Gordon,Everton,MID,44,1,0.2,32,15644,0.4,0,0,0,0
202,Kean,Everton,FWD,58,2,0.3,13,7854,0.2,0,0,0,0
203,Branthwaite,Everton,DEF,39,0,0.0,0,116359,2.4,0,0,0,0
204,Marques Loureiro,Everton,MID,54,12,2.2,630,75395,1.0,0,0,12,0
205,Rodríguez,Everton,MID,79,43,5.4,588,2909344,28.5,3,3,10,0
206,Doucouré,Everton,MID,53,16,3.0,648,69700,1.1,0,1,14,0
207,Nkounkou,Everton,DEF,40,1,0.2,68,15505,0.2,0,0,1,0
208,Godfrey,Everton,DEF,50,2,0.4,149,5498,0.1,0,0,3,0
209,Olsen,Everton,GKP,45,1,0.2,90,3554,0.1,0,0,2,2
210,Simms,Everton,FWD,45,0,0.0,0,940,0.0,0,0,0,0
211,Loftus-Cheek,Fulham,MID,59,7,1.2,220,8829,0.2,0,0,4,0
212,Agosto Ramírez,Fulham,GKP,40,0,0.0,0,29898,1.7,0,0,0,0
213,McDonald,Fulham,MID,47,0,0.0,0,783,0.0,0,0,0,0
214,Le Marchand,Fulham,DEF,43,1,0.2,122,1450,0.1,0,0,1,0
215,Johansen,Fulham,MID,47,0,0.0,0,345,0.0,0,0,0,0
216,Cairney,Fulham,MID,53,20,3.8,630,7162,0.2,1,0,11,0
217,Ream,Fulham,DEF,44,7,1.6,450,6479,0.2,0,0,10,0
218,Knockaert,Fulham,MID,51,0,0.0,0,940,0.0,0,0,0,0
219,Hector,Fulham,DEF,43,0,0.0,237,4289,0.2,0,0,10,0
220,Christie,Fulham,DEF,43,0,0.0,0,463,0.0,0,0,0,0
221,Kebano,Fulham,MID,48,5,1.0,115,2531,0.1,0,0,3,0
222,Decordova-Reid,Fulham,FWD,53,19,3.6,386,14411,0.1,2,0,4,0
223,Bryan,Fulham,DEF,48,7,1.5,337,12537,0.4,0,1,11,0
224,Bettinelli,Fulham,GKP,44,0,0.0,0,473,0.0,0,0,0,0
225,Mitrović,Fulham,FWD,57,28,4.9,657,469743,7.3,2,2,12,0
226,Mawson,Fulham,DEF,44,0,0.0,0,202,0.0,0,0,0,0
227,Rodák,Fulham,GKP,44,1,0.2,90,9468,0.4,0,0,3,2
228,Neves Abreu Cavaleiro,Fulham,MID,53,11,2.1,432,2811,0.1,0,0,12,0
229,Onomah,Fulham,MID,47,3,0.6,131,1953,0.1,0,0,7,0
230,Seri,Fulham,MID,46,0,0.0,0,2699,0.0,0,0,0,0
231,Kamara,Fulham,MID,48,2,0.4,214,4117,0.1,0,0,8,0
232,Zambo Anguissa,Fulham,MID,45,18,4.0,632,228966,2.0,0,1,12,0
233,Sessegnon,Fulham,DEF,43,0,0.0,0,405,0.0,0,0,0,0
234,Reed,Fulham,MID,45,10,2.2,305,46885,0.6,0,1,8,0
235,Robinson,Fulham,DEF,44,14,3.2,450,5721,0.1,0,0,5,0
236,Lemina,Fulham,MID,45,5,1.1,152,9423,0.4,0,0,3,0
237,Areola,Fulham,GKP,45,21,4.7,630,58204,1.4,0,0,12,29
238,Tete,Fulham,DEF,43,2,0.5,128,5826,0.1,0,1,6,0
239,Odoi,Fulham,DEF,43,1,0.2,270,5534,0.1,0,0,10,0
240,Lookman,Fulham,MID,50,15,3.0,382,50362,0.5,1,0,4,0
241,Aina,Fulham,DEF,45,22,4.9,450,14085,0.2,1,0,5,0
242,Andersen,Fulham,DEF,45,8,1.8,180,460,0.0,0,0,1,0
243,Adarabioyo,Fulham,DEF,45,11,2.4,360,1601,0.0,0,0,4,0
244,Kongolo,Fulham,DEF,44,0,0.0,0,100,0.0,0,0,0,0
245,Morgan,Leicester,DEF,44,3,0.7,16,6932,0.1,0,0,0,0
246,Schmeichel,Leicester,GKP,55,34,6.2,720,234329,11.8,0,0,9,22
247,Fuchs,Leicester,DEF,45,16,3.6,280,10141,0.2,0,0,2,0
248,Evans,Leicester,DEF,55,13,2.4,439,12428,0.2,0,0,5,0
249,Silva,Leicester,MID,44,0,0.0,0,8410,0.3,0,0,0,0
250,Albrighton,Leicester,MID,53,6,1.1,170,3142,0.1,0,0,1,0
251,James,Leicester,MID,43,0,0.0,0,24606,0.4,0,0,0,0
252,Ward,Leicester,GKP,44,0,0.0,0,2099,0.2,0,0,0,0
253,Vardy,Leicester,FWD,101,59,5.8,558,1406171,21.1,8,2,8,0
254,Praet,Leicester,MID,55,28,5.1,491,70877,0.4,1,2,4,0
255,Barbosa Pereira,Leicester,DEF,59,0,0.0,0,2030,0.1,0,0,0,0
256,Amartey,Leicester,DEF,39,0,0.0,144,39688,0.9,0,0,4,0
257,Tielemans,Leicester,MID,64,34,5.3,720,109337,2.1,3,0,9,0
258,Pérez,Leicester,MID,61,8,1.3,280,25982,0.9,0,0,4,0
259,Gray,Leicester,MID,53,0,0.0,0,1724,0.1,0,0,0,0
260,Maddison,Leicester,MID,70,22,3.1,268,254215,2.2,1,2,3,0
261,Iheanacho,Leicester,FWD,57,4,0.7,101,10835,0.3,0,0,1,0
262,Choudhury,Leicester,MID,48,2,0.4,13,1977,0.1,0,0,1,0
263,Barnes,Leicester,MID,69,34,4.9,612,469383,4.0,2,1,9,0
264,Ndidi,Leicester,MID,48,5,1.0,180,18015,0.6,0,0,2,0
265,Benkovic,Leicester,DEF,43,0,0.0,0,178,0.0,0,0,0,0
266,Söyüncü,Leicester,DEF,53,8,1.5,360,101505,3.6,0,0,7,0
267,Justin,Leicester,DEF,48,34,7.1,720,1274444,21.9,1,1,9,0
268,Thomas,Leicester,DEF,43,2,0.5,135,6003,0.2,0,0,1,0
269,Castagne,Leicester,DEF,57,35,6.1,540,1559712,9.4,1,3,8,0
270,Mendy,Leicester,MID,45,21,4.7,705,305099,3.1,0,1,8,0
271,Ünder,Leicester,MID,59,9,1.5,69,10755,0.1,0,2,1,0
272,Fofana,Leicester,DEF,50,16,3.2,360,14718,0.2,0,0,2,0
273,Slimani,Leicester,FWD,50,1,0.2,19,5670,0.1,0,0,1,0
274,Hernández Domínguez,Leeds,MID,58,6,1.0,153,15859,0.3,0,0,5,0
275,Casilla Cortés,Leeds,GKP,43,0,0.0,0,15881,1.1,0,0,0,0
276,Cooper,Leeds,DEF,44,9,2.0,450,39158,0.6,0,0,12,0
277,Douglas,Leeds,DEF,39,0,0.0,0,154235,5.7,0,0,0,0
278,Ayling,Leeds,DEF,45,17,3.8,720,217689,4.1,0,0,17,0
279,Klich,Leeds,MID,56,36,6.4,696,715882,6.2,2,3,16,0
280,Forshaw,Leeds,MID,48,0,0.0,0,152,0.0,0,0,0,0
281,Dallas,Leeds,DEF,45,25,5.6,710,355275,6.0,1,1,16,0
282,Alioski,Leeds,DEF,44,11,2.5,255,15942,0.4,0,0,6,0
283,Bamford,Leeds,FWD,61,58,9.5,670,2773267,34.7,7,2,16,0
284,Harrison,Leeds,MID,55,29,5.3,621,266141,1.7,1,2,16,0
285,Phillips,Leeds,MID,49,12,2.4,450,154369,1.3,0,1,9,0
286,Sousa de Azevedo e Costa,Leeds,MID,56,33,5.9,622,1027943,8.1,2,2,16,0
287,Roberts,Leeds,MID,49,6,1.2,215,3163,0.1,0,0,6,0
288,Grot,Leeds,MID,48,0,0.0,0,812,0.0,0,0,0,0
289,Miazek,Leeds,GKP,40,0,0.0,0,21874,1.5,0,0,0,0
290,Poveda-Ocampo,Leeds,MID,44,4,0.9,133,35489,0.4,0,0,2,0
291,Shackleton,Leeds,MID,48,5,1.0,123,1260,0.0,0,0,3,0
292,Struijk,Leeds,DEF,40,2,0.5,254,164618,2.4,0,0,9,0
293,Stevens,Leeds,MID,44,0,0.0,0,17382,0.6,0,0,0,0
294,Meslier,Leeds,GKP,45,26,5.8,720,294086,4.1,0,0,17,23
295,Davis,Leeds,DEF,40,1,0.2,13,46465,1.3,0,0,0,0
296,Casey,Leeds,DEF,39,0,0.0,0,82144,1.5,0,0,0,0
297,Koch,Leeds,DEF,45,19,4.2,720,45474,0.8,0,0,17,0
298,Moreno,Leeds,FWD,57,18,3.2,320,122157,2.3,1,1,3,0
299,Caprile,Leeds,GKP,40,0,0.0,0,22297,0.3,0,0,0,0
300,Bogusz,Leeds,MID,44,0,0.0,0,2136,0.0,0,0,0,0
301,Llorente,Leeds,DEF,44,0,0.0,0,2560,0.0,0,0,0,0
302,Dias Belloli,Leeds,MID,54,3,0.6,60,4882,0.0,0,0,1,0
303,Jenkins,Leeds,MID,45,0,0.0,0,90,0.0,0,0,0,0
304,Milner,Liverpool,MID,53,6,1.1,94,2542,0.1,0,0,1,0
305,Tsimikas,Liverpool,DEF,49,0,0.0,0,587,0.0,0,0,0,0
306,Wijnaldum,Liverpool,MID,53,16,3.0,631,41041,1.2,0,0,14,0
307,Henderson,Liverpool,MID,54,11,2.0,470,31440,1.2,0,0,7,0
308,San Miguel del Castillo,Liverpool,GKP,44,2,0.5,180,43142,0.5,0,0,9,7
309,Matip,Liverpool,DEF,54,3,0.6,181,13665,0.3,0,0,3,0
310,Shaqiri,Liverpool,MID,64,5,0.8,51,1520,0.1,0,1,0,0
311,Oxlade-Chamberlain,Liverpool,MID,63,0,0.0,0,476,0.0,0,0,0,0
312,Firmino,Liverpool,FWD,92,27,2.9,618,82575,2.3,1,2,14,0
313,van Dijk,Liverpool,DEF,63,15,2.4,370,379063,8.6,1,0,11,0
314,Mané,Liverpool,MID,120,46,3.8,619,713421,9.2,4,3,9,0
315,Ramses Becker,Liverpool,GKP,59,23,3.9,540,252745,7.3,0,0,7,9
316,Tavares,Liverpool,MID,54,14,2.6,482,66030,0.9,0,1,12,0
317,Salah,Liverpool,MID,124,67,5.4,719,1645968,47.1,8,1,16,0
318,Robertson,Liverpool,DEF,71,31,4.4,720,929996,17.6,1,2,16,0
319,Origi,Liverpool,FWD,52,0,0.0,0,16312,0.6,0,0,0,0
320,Wilson,Liverpool,MID,51,0,0.0,0,451,0.0,0,0,0,0
321,Minamino,Liverpool,MID,60,4,0.7,57,3242,0.1,0,0,3,0
322,Alexander-Arnold,Liverpool,DEF,74,21,2.8,690,385968,26.1,0,1,16,0
323,Gomez,Liverpool,DEF,54,10,1.9,589,108372,2.7,0,0,14,0
324,Keita,Liverpool,MID,52,7,1.3,243,14324,0.3,0,0,7,0
325,Jones,Liverpool,MID,44,4,0.9,122,32977,0.5,0,0,4,0
326,Williams,Liverpool,DEF,39,0,0.0,0,108128,3.5,0,0,0,0
327,Elliott,Liverpool,MID,44,0,0.0,0,9957,0.1,0,0,0,0
328,Jota,Liverpool,MID,65,28,4.3,304,654994,8.8,3,0,10,0
329,Alcántara do Nascimento,Liverpool,MID,59,3,0.5,135,300754,1.3,0,0,2,0
330,Kelleher,Liverpool,GKP,45,0,0.0,0,456,0.0,0,0,0,0
331,Phillips,Liverpool,DEF,40,2,0.5,90,40332,0.5,0,0,1,0
332,Williams,Liverpool,DEF,40,0,0.0,0,4516,0.1,0,0,0,0
333,Luiz Rosa,Man City,DEF,54,5,0.9,154,38507,0.7,0,0,2,0
334,Bravo,Man City,GKP,45,0,0.0,0,398,0.0,0,0,0,0
335,Agüero,Man City,FWD,103,3,0.3,109,193103,1.2,0,0,1,0
336,Otamendi,Man City,DEF,49,0,0.0,0,5311,0.2,0,0,0,0
337,Walker,Man City,DEF,61,29,4.8,617,355451,8.0,1,0,9,0
338,Gündogan,Man City,MID,54,6,1.1,210,17026,0.3,0,0,2,0
339,De Bruyne,Man City,MID,115,27,2.3,472,1798846,15.8,1,3,8,0
340,Stones,Man City,DEF,48,2,0.4,90,20834,0.4,0,0,1,0
341,Mendy,Man City,DEF,59,2,0.3,250,22399,1.1,0,0,7,0
342,Mahrez,Man City,MID,83,22,2.7,430,455169,2.5,1,1,7,0
343,Sterling,Man City,MID,115,33,2.9,621,666268,5.8,2,1,9,0
344,Cancelo,Man City,DEF,54,24,4.4,360,132830,2.0,0,1,2,0
345,Santana de Moraes,Man City,GKP,60,24,4.0,630,185202,5.7,0,0,9,15
346,Aké,Man City,DEF,55,13,2.4,289,247151,5.2,1,0,6,0
347,Laporte,Man City,DEF,60,11,1.8,270,69917,2.7,0,0,2,0
348,Veiga de Carvalho e Silva,Man City,MID,74,10,1.4,301,33910,0.6,0,0,1,0
349,de Jesus,Man City,FWD,93,15,1.6,180,139640,1.0,2,0,2,0
350,Zinchenko,Man City,DEF,55,1,0.2,12,4536,0.2,0,0,0,0
351,Foden,Man City,MID,65,26,4.0,385,790566,7.0,2,1,5,0
352,Doyle,Man City,MID,44,0,0.0,0,4372,0.1,0,0,0,0
353,Hernandez,Man City,MID,54,14,2.6,630,20190,0.5,0,0,9,0
354,Torres,Man City,MID,69,12,1.7,239,40004,0.9,0,1,4,0
355,Garcia,Man City,DEF,48,2,0.4,180,8317,0.2,0,0,6,0
356,Bernabé,Man City,MID,45,0,0.0,0,700,0.0,0,0,0,0
357,Steffen,Man City,GKP,45,0,0.0,0,680,0.0,0,0,0,0
358,Delap,Man City,FWD,44,1,0.2,39,126887,0.9,0,0,4,0
359,Palmer,Man City,MID,45,0,0.0,0,786,0.0,0,0,0,0
360,Gato Alves Dias,Man City,DEF,55,17,3.1,450,146997,1.8,0,0,3,0
361,Trafford,Man City,GKP,40,0,0.0,0,1946,0.0,0,0,0,0
362,Romero,Man Utd,GKP,49,0,0.0,0,395,0.1,0,0,0,0
363,Mata,Man Utd,MID,59,8,1.4,228,5967,0.1,0,1,2,0
364,de Gea,Man Utd,GKP,54,15,2.8,630,87021,3.8,0,0,14,13
365,Smalling,Man Utd,DEF,49,0,0.0,0,1860,0.1,0,0,0,0
366,Ighalo,Man Utd,FWD,62,1,0.2,9,5928,0.2,0,0,1,0
367,Rojo,Man Utd,DEF,48,0,0.0,0,781,0.1,0,0,0,0
368,Matic,Man Utd,MID,48,7,1.5,164,10073,0.2,0,1,7,0
369,Pogba,Man Utd,MID,78,11,1.4,371,70547,1.2,0,0,9,0
370,Jones,Man Utd,DEF,49,0,0.0,0,487,0.0,0,0,0,0
371,Maguire,Man Utd,DEF,54,21,3.9,630,114336,3.1,1,1,14,0
372,Rodrigues de Paula Santos,Man Utd,MID,53,9,1.7,379,6755,0.2,0,0,5,0
373,Shaw,Man Utd,DEF,49,14,2.9,606,73702,1.0,0,1,14,0
374,Lingard,Man Utd,MID,59,0,0.0,0,3912,0.1,0,0,0,0
375,Borges Fernandes,Man Utd,MID,105,53,5.0,569,1483018,23.4,5,3,12,0
376,Martial,Man Utd,FWD,87,7,0.8,287,525059,3.8,0,1,11,0
377,Pereira,Man Utd,MID,48,0,0.0,0,921,0.0,0,0,0,0
378,Henderson,Man Utd,GKP,53,0,0.0,0,8993,1.6,0,0,0,0
379,Rashford,Man Utd,MID,96,35,3.6,630,748528,8.5,2,3,14,0
380,Tuanzebe,Man Utd,DEF,45,1,0.2,23,10951,0.1,0,0,0,0
381,Lindelöf,Man Utd,DEF,49,14,2.9,540,38656,1.2,0,0,8,0
382,McTominay,Man Utd,MID,49,12,2.4,487,14262,0.3,0,0,8,0
383,Bailly,Man Utd,DEF,49,-1,-0.2,98,8102,0.2,0,0,7,0
384,James,Man Utd,MID,63,3,0.5,177,7031,0.2,0,0,2,0
385,Fosu-Mensah,Man Utd,DEF,44,0,0.0,80,3969,0.1,0,0,2,0
386,Wan-Bissaka,Man Utd,DEF,54,18,3.3,540,293174,8.8,1,0,11,0
387,Dalot Teixeira,Man Utd,DEF,48,0,0.0,0,409,0.0,0,0,0,0
388,Greenwood,Man Utd,MID,72,7,1.0,274,259374,2.6,0,0,9,0
389,Chong,Man Utd,MID,45,0,0.0,0,632,0.0,0,0,0,0
390,Garner,Man Utd,MID,44,0,0.0,0,2041,0.1,0,0,0,0
391,Williams,Man Utd,DEF,43,0,0.0,0,16282,0.8,0,0,0,0
392,Mengi,Man Utd,DEF,39,0,0.0,0,23310,0.7,0,0,0,0
393,van de Beek,Man Utd,MID,67,10,1.5,75,152732,1.9,1,0,4,0
394,Telles,Man Utd,DEF,55,0,0.0,0,111066,0.7,0,0,0,0
395,Cavani,Man Utd,FWD,80,7,0.9,55,90230,0.7,1,0,0,0
396,Pellistri,Man Utd,MID,54,0,0.0,0,837,0.0,0,0,0,0
397,Carroll,Newcastle,FWD,53,10,1.9,162,43249,0.4,0,1,4,0
398,Shelvey,Newcastle,MID,53,9,1.7,431,6359,0.2,0,0,8,0
399,Ritchie,Newcastle,MID,49,2,0.4,68,1226,0.0,0,0,1,0
400,Fernández,Newcastle,DEF,49,16,3.3,720,26333,0.9,0,0,13,0
401,Clark,Newcastle,DEF,45,0,0.0,0,1094,0.0,0,0,0,0
402,Darlow,Newcastle,GKP,50,35,7.0,720,151635,1.8,0,0,13,39
403,Dubravka,Newcastle,GKP,49,0,0.0,0,1073,0.2,0,0,0,0
404,Lejeune,Newcastle,DEF,43,0,0.0,0,237,0.0,0,0,0,0
405,Lascelles,Newcastle,DEF,44,13,3.0,627,72716,1.9,0,0,12,0
406,Gayle,Newcastle,FWD,59,0,0.0,0,345,0.0,0,0,0,0
407,Atsu,Newcastle,MID,52,0,0.0,0,853,0.0,0,0,0,0
408,Dummett,Newcastle,DEF,44,0,0.0,0,144,0.0,0,0,0,0
409,Manquillo,Newcastle,DEF,44,9,2.0,305,13314,0.3,0,0,5,0
410,Krafth,Newcastle,DEF,43,4,0.9,180,1473,0.1,0,1,5,0
411,Schär,Newcastle,DEF,49,6,1.2,365,2401,0.0,0,0,7,0
412,Yedlin,Newcastle,DEF,43,0,0.0,0,3496,0.2,0,0,0,0
413,Hayden,Newcastle,MID,48,9,1.9,415,2414,0.1,0,0,7,0
414,Aarons,Newcastle,MID,48,0,0.0,0,1385,0.0,0,0,0,0
415,Saint-Maximin,Newcastle,MID,53,26,4.9,509,276044,6.6,1,1,9,0
416,Almirón,Newcastle,MID,57,14,2.5,390,16980,0.4,0,1,7,0
417,Apolinário de Lira,Newcastle,FWD,57,8,1.4,307,6049,0.2,0,0,6,0
418,Muto,Newcastle,FWD,48,0,0.0,0,4882,0.1,0,0,0,0
419,Watts,Newcastle,DEF,40,0,0.0,0,4965,0.2,0,0,0,0
420,Longstaff,Newcastle,MID,48,6,1.2,194,1817,0.1,0,0,4,0
421,Hendrick,Newcastle,MID,49,28,5.7,670,451163,3.0,1,1,10,0
422,Longstaff,Newcastle,MID,49,1,0.2,29,272,0.0,0,0,1,0
423,Gillespie,Newcastle,GKP,44,0,0.0,0,1292,0.1,0,0,0,0
424,Murphy,Newcastle,MID,49,13,2.7,274,3721,0.1,1,0,3,0
425,Wilson,Newcastle,FWD,66,55,8.3,697,1339655,14.9,6,2,11,0
426,Fraser,Newcastle,MID,57,13,2.3,185,13160,0.3,0,2,5,0
427,Lewis,Newcastle,DEF,43,13,3.0,651,216328,2.1,0,0,12,0
428,Brewster,Sheffield Utd,FWD,45,6,1.3,231,560942,6.7,0,0,5,0
429,Sharp,Sheffield Utd,FWD,57,11,1.9,129,7951,0.1,1,0,3,0
430,McGoldrick,Sheffield Utd,FWD,53,22,4.2,388,47995,0.7,2,0,6,0
431,Basham,Sheffield Utd,DEF,48,13,2.7,652,19226,1.0,0,0,14,0
432,Fleck,Sheffield Utd,MID,57,5,0.9,179,5407,0.1,0,0,4,0
433,Stevens,Sheffield Utd,DEF,53,10,1.9,720,17406,1.9,0,0,14,0
434,Moore,Sheffield Utd,GKP,44,0,0.0,0,1407,0.1,0,0,0,0
435,Norwood,Sheffield Utd,MID,47,8,1.7,277,5986,0.2,0,0,6,0
436,Foderingham,Sheffield Utd,GKP,44,0,0.0,0,1273,0.1,0,0,0,0
437,Baldock,Sheffield Utd,DEF,53,13,2.5,720,35157,1.9,0,1,14,0
438,Robinson,Sheffield Utd,DEF,44,8,1.8,251,7882,0.2,0,1,4,0
439,Egan,Sheffield Utd,DEF,48,3,0.6,551,28752,3.4,0,0,13,0
440,O'Connell,Sheffield Utd,DEF,48,3,0.6,180,3322,0.2,0,0,3,0
441,Lundstram,Sheffield Utd,MID,51,11,2.2,623,35087,3.1,0,0,12,0
442,Osborn,Sheffield Utd,MID,49,9,1.8,351,688,0.0,0,0,7,0
443,McBurnie,Sheffield Utd,FWD,57,14,2.5,459,10342,0.3,0,1,11,0
444,Mousset,Sheffield Utd,FWD,58,0,0.0,0,1653,0.1,0,0,0,0
445,Berge,Sheffield Utd,MID,50,21,4.2,644,14022,0.2,1,1,12,0
446,Burke,Sheffield Utd,MID,44,7,1.6,254,77584,0.9,0,0,2,0
447,Freeman,Sheffield Utd,MID,50,0,0.0,0,312,0.0,0,0,0,0
448,Ramsdale,Sheffield Utd,GKP,48,20,4.2,720,55703,3.0,0,0,14,34
449,Ampadu,Sheffield Utd,DEF,44,6,1.4,303,15390,0.5,0,0,5,0
450,Bogle,Sheffield Utd,DEF,43,0,0.0,0,1056,0.1,0,0,0,0
451,Lowe,Sheffield Utd,DEF,44,3,0.7,188,928,0.1,0,0,5,0
452,Jagielka,Sheffield Utd,DEF,40,0,0.0,0,45199,0.6,0,0,0,0
453,Verrips,Sheffield Utd,GKP,40,0,0.0,0,16229,0.2,0,0,0,0
454,Walcott,Southampton,MID,58,17,2.9,279,16627,0.3,0,3,7,0
455,Long,Southampton,FWD,52,6,1.2,32,27713,0.7,0,0,3,0
456,Bertrand,Southampton,DEF,50,24,4.8,618,47838,1.1,0,0,10,0
457,McCarthy,Southampton,GKP,45,33,7.3,720,576043,20.0,0,0,12,21
458,Romeu Vidal,Southampton,MID,45,24,5.3,680,276026,4.6,1,0,9,0
459,Redmond,Southampton,MID,64,9,1.4,307,16444,0.2,0,0,4,0
460,Ings,Southampton,FWD,84,47,5.6,624,700633,8.5,5,2,10,0
461,Stephens,Southampton,DEF,48,8,1.7,315,3471,0.2,0,0,9,0
462,Armstrong,Southampton,MID,55,29,5.3,512,24229,0.4,1,2,6,0
463,Vestergaard,Southampton,DEF,47,40,8.5,585,572205,8.2,2,0,6,0
464,Ward-Prowse,Southampton,MID,60,43,7.2,720,503785,7.8,3,1,12,0
465,Gunn,Southampton,GKP,44,0,0.0,0,1704,0.2,0,0,0,0
466,Boufal,Southampton,MID,54,0,0.0,0,588,0.0,0,0,0,0
467,Sims,Southampton,MID,44,0,0.0,0,5679,0.1,0,0,0,0
468,Walker-Peters,Southampton,DEF,45,31,6.9,720,476790,11.5,0,1,12,0
469,Bednarek,Southampton,DEF,45,29,6.4,630,49957,1.9,0,0,9,0
470,Adams,Southampton,FWD,59,41,6.9,675,299739,4.3,3,3,11,0
471,Valery,Southampton,DEF,48,0,0.0,0,938,0.1,0,0,0,0
472,Smallbone,Southampton,MID,45,3,0.7,111,23150,0.3,0,0,4,0
473,Vokins,Southampton,DEF,40,0,0.0,0,29514,1.2,0,0,0,0
474,Obafemi,Southampton,FWD,47,1,0.2,13,46503,1.1,0,0,0,0
475,Djenepo,Southampton,MID,54,17,3.1,306,12390,0.1,1,1,5,0
476,Salisu,Southampton,DEF,43,0,0.0,0,827,0.1,0,0,0,0
477,Forster,Southampton,GKP,40,0,0.0,0,227583,3.4,0,0,0,0
478,Tella,Southampton,MID,44,3,0.7,48,42601,0.5,0,0,2,0
479,Diallo,Southampton,MID,45,2,0.4,18,1491,0.0,0,0,2,0
480,N'Lundulu,Southampton,FWD,45,1,0.2,1,4561,0.1,0,0,0,0
481,Ramsay,Southampton,DEF,40,0,0.0,0,515,0.0,0,0,0,0
482,Lloris,Spurs,GKP,55,27,4.9,720,211278,5.5,0,0,9,17
483,Rose,Spurs,DEF,47,0,0.0,0,3477,0.2,0,0,0,0
484,Sissoko,Spurs,MID,48,13,2.7,482,18675,0.4,0,0,6,0
485,Alderweireld,Spurs,DEF,54,20,3.7,450,48250,1.8,0,0,5,0
486,Lamela,Spurs,MID,58,8,1.4,187,9585,0.1,0,1,4,0
487,Kane,Spurs,FWD,110,80,7.3,713,2621466,45.4,7,8,8,0
488,Aurier,Spurs,DEF,52,13,2.5,180,131126,1.8,1,1,4,0
489,Son,Spurs,MID,96,74,7.7,640,4432823,58.6,8,2,5,0
490,Dier,Spurs,DEF,49,21,4.3,630,62350,1.3,0,0,6,0
491,Rodrigues Moura da Silva,Spurs,MID,68,17,2.5,351,72193,1.4,1,0,5,0
492,Gazzaniga,Spurs,GKP,44,0,0.0,0,3193,0.3,0,0,0,0
493,Alli,Spurs,MID,75,2,0.3,66,17246,0.6,0,0,0,0
494,Davies,Spurs,DEF,48,16,3.3,382,59440,1.1,0,1,4,0
495,Højbjerg,Spurs,MID,49,20,4.1,720,48297,0.8,0,1,9,0
496,Winks,Spurs,MID,53,5,0.9,256,3216,0.1,0,0,7,0
497,Sánchez,Spurs,DEF,54,4,0.7,360,20798,0.8,0,0,7,0
498,Sessegnon,Spurs,DEF,47,0,0.0,0,1002,0.1,0,0,0,0
499,Bergwijn,Spurs,MID,71,6,0.8,152,9776,0.4,0,0,2,0
500,Carvalho Fernandes,Spurs,MID,48,0,0.0,0,1826,0.1,0,0,0,0
501,Tanganga,Spurs,DEF,49,0,0.0,0,559,0.0,0,0,0,0
502,Lo Celso,Spurs,MID,69,6,0.9,184,5325,0.4,0,0,1,0
503,Skipp,Spurs,MID,44,0,0.0,0,1124,0.0,0,0,0,0
504,Ndombele,Spurs,MID,59,19,3.2,416,21377,0.3,1,0,4,0
505,Foyth,Spurs,DEF,43,0,0.0,0,1348,0.1,0,0,0,0
506,Doherty,Spurs,DEF,58,24,4.1,525,160593,8.4,0,1,5,0
507,Hart,Spurs,GKP,44,0,0.0,0,7183,0.7,0,0,0,0
508,Carter-Vickers,Spurs,DEF,39,0,0.0,0,12682,0.3,0,0,0,0
509,Reguilón,Spurs,DEF,56,16,2.9,360,377008,4.1,0,2,5,0
510,Bale,Spurs,MID,95,13,1.4,115,146248,1.0,1,0,3,0
511,Alves Morais,Spurs,FWD,70,1,0.1,12,3711,0.0,0,0,0,0
512,Rodon,Spurs,DEF,50,1,0.2,1,623,0.0,0,0,0,0
513,Button,West Brom,GKP,40,0,0.0,0,112314,4.7,0,0,0,0
514,Robinson,West Brom,FWD,55,25,4.5,417,114584,0.7,2,1,8,0
515,Gibbs,West Brom,DEF,44,-3,-0.7,135,4886,0.2,0,0,8,0
516,Robson-Kanu,West Brom,FWD,52,3,0.6,84,6690,0.1,0,0,5,0
517,Livermore,West Brom,MID,48,12,2.5,656,3968,0.1,0,0,17,0
518,Grosicki,West Brom,MID,53,0,0.0,0,438,0.0,0,0,0,0
519,Phillips,West Brom,MID,51,5,1.0,69,1705,0.0,0,0,2,0
520,Bartley,West Brom,DEF,44,10,2.3,450,10931,0.2,1,0,14,0
521,Sawyers,West Brom,MID,48,9,1.9,340,935,0.0,0,0,10,0
522,Hegazy,West Brom,DEF,42,6,1.4,90,11939,0.2,0,0,0,0
523,Austin,West Brom,FWD,51,0,0.0,0,10087,0.2,0,0,0,0
524,Zohore,West Brom,FWD,48,0,0.0,0,1846,0.0,0,0,0,0
525,Johnstone,West Brom,GKP,45,26,5.8,720,56477,1.0,0,0,17,32
526,Townsend,West Brom,DEF,45,16,3.6,540,6874,0.1,0,0,9,0
527,Ajayi,West Brom,DEF,48,7,1.5,630,4265,0.2,0,0,17,0
528,Leko,West Brom,MID,45,0,0.0,0,923,0.0,0,0,0,0
529,Edwards,West Brom,MID,48,5,1.0,114,536,0.0,0,0,3,0
530,Furlong,West Brom,DEF,45,17,3.8,608,7585,0.1,0,1,13,0
531,Field,West Brom,MID,48,3,0.6,61,429,0.0,0,0,2,0
532,O'Shea,West Brom,DEF,43,5,1.2,450,3879,0.2,0,0,14,0
533,Harper,West Brom,MID,44,1,0.2,21,27603,0.5,0,0,2,0
534,Diangana,West Brom,MID,54,21,3.9,588,41056,0.4,1,0,16,0
535,Pereira,West Brom,MID,59,25,4.2,572,205063,1.7,1,2,15,0
536,Kipre,West Brom,DEF,44,0,0.0,0,499,0.0,0,0,0,0
537,Ivanovic,West Brom,DEF,45,9,2.0,270,13119,0.1,0,0,3,0
538,Gallagher,West Brom,MID,55,8,1.5,360,1202,0.0,0,0,4,0
539,Krovinovic,West Brom,MID,50,10,2.0,353,804,0.0,0,0,5,0
540,Grant,West Brom,FWD,59,15,2.5,328,5043,0.0,1,0,3,0
541,Peltier,West Brom,DEF,40,0,0.0,0,306,0.0,0,0,0,0
542,Noble,West Ham,MID,47,4,0.9,70,6369,0.6,0,0,1,0
543,Snodgrass,West Ham,MID,57,1,0.2,1,935,0.1,0,0,0,0
544,Martin,West Ham,GKP,40,0,0.0,0,135598,7.4,0,0,0,0
545,Randolph,West Ham,GKP,44,0,0.0,0,1526,0.2,0,0,0,0
546,Fabianski,West Ham,GKP,50,41,8.2,720,87071,2.3,0,0,10,20
547,Ogbonna,West Ham,DEF,49,22,4.5,692,14714,0.4,0,0,10,0
548,Jimenez Gago,West Ham,GKP,45,0,0.0,0,297,0.0,0,0,0,0
549,Wilshere,West Ham,MID,49,0,0.0,0,1032,0.1,0,0,0,0
550,Cresswell,West Ham,DEF,51,38,7.5,720,622889,8.2,0,3,10,0
551,Yarmolenko,West Ham,MID,56,4,0.7,97,3164,0.1,0,0,3,0
552,Antonio,West Ham,FWD,62,27,4.4,481,128089,2.3,3,0,8,0
553,Fredericks,West Ham,DEF,44,4,0.9,228,9645,0.3,0,1,4,0
554,Lanzini,West Ham,MID,64,7,1.1,33,6879,0.1,1,0,0,0
555,Pereira Gomes,West Ham,MID,61,2,0.3,2,4616,0.1,0,0,0,0
556,Haller,West Ham,FWD,61,13,2.1,213,16045,0.3,1,0,2,0
557,Masuaku,West Ham,DEF,45,28,6.2,625,147147,1.8,0,1,8,0
558,Balbuena,West Ham,DEF,44,27,6.1,540,112247,1.4,1,0,6,0
559,Hugill,West Ham,FWD,55,0,0.0,0,329,0.0,0,0,0,0
560,Bowen,West Ham,MID,63,36,5.7,661,210622,2.4,3,0,9,0
561,Ajeti,West Ham,FWD,55,0,0.0,0,505,0.0,0,0,0,0
562,Rice,West Ham,MID,48,18,3.8,720,66586,2.6,0,0,10,0
563,Soucek,West Ham,MID,49,27,5.5,720,122680,2.8,1,1,10,0
564,Fornals,West Ham,MID,64,42,6.6,660,147400,1.8,2,3,9,0
565,Diop,West Ham,DEF,44,2,0.5,207,9172,0.6,0,0,4,0
566,Johnson,West Ham,DEF,40,1,0.2,41,60695,2.0,0,0,0,0
567,Coufal,West Ham,DEF,45,25,5.6,450,116755,1.5,0,2,6,0
568,Dawson,West Ham,DEF,45,0,0.0,0,920,0.0,0,0,0,0
569,Benrahma,West Ham,MID,60,5,0.8,19,20344,0.2,0,1,0,0
570,Ruddy,Wolves,GKP,44,0,0.0,0,2656,0.3,0,0,0,0
571,Santos Moutinho,Wolves,MID,52,12,2.3,356,33050,1.4,0,0,6,0
572,dos Santos Patrício,Wolves,GKP,55,40,7.3,720,286292,7.5,0,0,9,20
573,Bennett,Wolves,DEF,44,0,0.0,0,3787,0.2,0,0,0,0
574,Boly,Wolves,DEF,55,31,5.6,720,113572,2.8,0,0,9,0
575,Coady,Wolves,DEF,50,30,6.0,720,302457,8.8,0,0,9,0
576,Jiménez,Wolves,FWD,84,37,4.4,720,1124120,16.5,4,0,9,0
577,Saïss,Wolves,DEF,52,38,7.3,517,1676861,18.3,1,0,7,0
578,Castro Otto,Wolves,DEF,54,0,0.0,0,452,0.0,0,0,0,0
579,Bonatini,Wolves,FWD,48,0,0.0,0,8268,0.1,0,0,0,0
580,Dendoncker,Wolves,MID,48,19,4.0,552,39933,1.1,0,1,3,0
581,Traoré,Wolves,MID,62,12,1.9,340,244564,7.4,0,0,6,0
582,da Silva Neves,Wolves,MID,53,15,2.8,554,34579,1.5,0,0,8,0
583,Buur,Wolves,DEF,40,1,0.2,22,155964,2.3,0,0,0,0
584,Castelo Podence,Wolves,MID,55,29,5.3,500,625404,3.8,1,2,4,0
585,Kilman,Wolves,DEF,43,30,7.0,450,1018821,14.4,0,1,2,0
586,Silva Nascimento Vinagre,Wolves,DEF,42,1,0.2,172,56482,1.3,0,0,7,0
587,Sarkic,Wolves,GKP,45,0,0.0,0,697,0.1,0,0,0,0
588,Gibbs-White,Wolves,MID,49,0,0.0,0,235,0.0,0,0,0,0
589,Lomba Neto,Wolves,MID,55,32,5.8,646,186905,1.8,1,2,8,0
590,Cavaco Jordao,Wolves,MID,44,0,0.0,0,11839,0.3,0,0,0,0
591,Campana,Wolves,FWD,49,0,0.0,0,14783,0.3,0,0,0,0
592,Silva,Wolves,FWD,52,4,0.8,52,26230,0.5,0,0,3,0
593,Marçal,Wolves,DEF,48,9,1.9,134,22548,0.1,0,0,1,0
594,Ferreira,Wolves,MID,48,2,0.4,21,949,0.0,0,0,1,0
595,Hoever,Wolves,DEF,45,2,0.4,29,2655,0.0,0,0,1,0
596,Cabral Semedo,Wolves,DEF,55,25,4.5,509,287685,3.4,0,0,5,0
597,Shabani,Wolves,MID,45,0,0.0,0,2453,0.0,0,0,0,0
598,Ait Nouri,Wolves,DEF,50,17,3.4,165,25814,0.3,1,0,1,0
599,Otasowie,Wolves,MID,45,0,0.0,0,653,0.0,0,0,0,0
